id,title,slug,parent,description,visible_status,image,created_at,updated_at
1,Adventures,adventures,0,,1,assets/uploads/blog/categories/adventures.gif,Wed Mar 04 2020 05:57:33 GMT-0500 (Eastern Standard Time),Wed Mar 04 2020 00:57:33 GMT-0500 (Eastern Standard Time)
2,Ask Ken,ask-ken,0,,1,,Wed Jan 17 2018 18:09:51 GMT-0500 (Eastern Standard Time),Wed Jan 17 2018 18:09:51 GMT-0500 (Eastern Standard Time)
3,Brakes,brakes,0,,1,,Wed Jan 17 2018 18:09:59 GMT-0500 (Eastern Standard Time),Wed Jan 17 2018 18:09:59 GMT-0500 (Eastern Standard Time)
4,Cooling,cooling,0,,1,,Wed Jan 17 2018 18:10:06 GMT-0500 (Eastern Standard Time),Wed Jan 17 2018 18:10:06 GMT-0500 (Eastern Standard Time)
5,Electrical,electrical,0,,1,,Wed Jan 17 2018 18:10:12 GMT-0500 (Eastern Standard Time),Wed Jan 17 2018 18:10:12 GMT-0500 (Eastern Standard Time)
6,Engine,engine,0,,1,,Wed Jan 17 2018 18:10:19 GMT-0500 (Eastern Standard Time),Wed Jan 17 2018 18:10:19 GMT-0500 (Eastern Standard Time)
7,Exhaust,exhaust,0,,1,,Wed Jan 17 2018 18:10:25 GMT-0500 (Eastern Standard Time),Wed Jan 17 2018 18:10:25 GMT-0500 (Eastern Standard Time)
8,Fiction,fiction,0,,1,,Wed Jan 17 2018 18:10:31 GMT-0500 (Eastern Standard Time),Wed Jan 17 2018 18:10:31 GMT-0500 (Eastern Standard Time)
9,Fuel system,fuel-system,0,,1,,Wed Jan 17 2018 18:10:41 GMT-0500 (Eastern Standard Time),Wed Jan 17 2018 18:10:41 GMT-0500 (Eastern Standard Time)
10,HVAC,hvac,0,,1,,Wed Jan 17 2018 18:12:10 GMT-0500 (Eastern Standard Time),Wed Jan 17 2018 18:12:10 GMT-0500 (Eastern Standard Time)
11,Ignition,ignition,0,,1,,Wed Jan 17 2018 18:21:24 GMT-0500 (Eastern Standard Time),Wed Jan 17 2018 18:21:24 GMT-0500 (Eastern Standard Time)
12,Steering,steering,0,,1,,Wed Jan 17 2018 18:21:32 GMT-0500 (Eastern Standard Time),Wed Jan 17 2018 18:21:32 GMT-0500 (Eastern Standard Time)
13,Suspension,suspension,0,,1,,Wed Jan 17 2018 18:21:40 GMT-0500 (Eastern Standard Time),Wed Jan 17 2018 18:21:40 GMT-0500 (Eastern Standard Time)
15,Transmission,transmission,0,,1,,Wed Jan 17 2018 18:21:53 GMT-0500 (Eastern Standard Time),Wed Jan 17 2018 18:21:53 GMT-0500 (Eastern Standard Time)
16,Wiring,wiring,0,,1,,Wed Jan 17 2018 18:21:59 GMT-0500 (Eastern Standard Time),Wed Jan 17 2018 18:21:59 GMT-0500 (Eastern Standard Time)
17,Personal,personal,0,,1,,Mon Jul 30 2018 15:39:12 GMT-0400 (Eastern Daylight Time),Mon Jul 30 2018 15:39:12 GMT-0400 (Eastern Daylight Time)
