id,product_id,image,created_at,updated_at
134,382,assets/uploads/products/321906083.jpg,2018-03-26 17:41:53,2018-03-26 17:41:53
310,638,assets/uploads/products/321820015B.jpg,2014-09-11 22:24:48,2014-09-11 22:24:48
389,760,assets/uploads/products/s_433131701d.jpg,2014-08-15 06:00:01,2014-08-15 06:00:01
591,1048,assets/uploads/products/7D1857507GRU2.jpg,2016-12-15 23:27:00,2016-12-15 23:27:00
1120,1882,assets/uploads/products/025121121A.jpg,2017-07-19 17:34:49,2017-07-19 17:34:49
1193,1994,assets/uploads/products/025905205AD_2.jpg,2017-07-14 16:13:34,2017-07-14 16:13:34
1407,2290,assets/uploads/products/056109564.jpg,2014-10-10 01:20:35,2014-10-10 01:20:35
2083,3292,assets/uploads/products/c8180_1.jpg,2017-11-10 22:55:03,2017-11-10 22:55:03
2084,3292,assets/uploads/products/c8180_2.jpg,2017-11-10 22:55:31,2017-11-10 22:55:31
2096,3310,assets/uploads/products/s_251121083h.jpg,2014-08-15 06:00:01,2017-04-05 20:10:19
2129,3364,assets/uploads/products/syncrogastankstraps2.jpg,2017-04-26 21:14:26,2017-04-26 21:14:26
2279,6423,assets/uploads/products/058103603EM.jpg,2015-01-28 00:18:55,2015-01-28 00:18:55
2280,6427,assets/uploads/products/06B103601PC.jpg,2015-01-28 00:23:07,2015-01-28 00:23:07
2328,8970,assets/uploads/products/251843368.jpg,2015-10-01 23:33:40,2015-10-01 23:33:40
2515,10682,assets/uploads/products/headlightprotectors1.jpg,2017-05-02 00:07:52,2017-05-02 00:07:52
2516,10682,assets/uploads/products/headlightprotectors3.jpg,2017-05-02 00:08:59,2017-05-02 00:08:59
2517,10682,assets/uploads/products/headlightprotectors4.jpg,2017-05-02 00:10:00,2017-05-02 00:10:00
2519,10720,assets/uploads/products/251501401E_1.jpg,2017-05-16 17:40:21,2017-05-16 17:40:21
2520,10720,assets/uploads/products/251501401E_2.jpg,2017-05-16 17:40:53,2017-05-16 17:40:53
2521,10720,assets/uploads/products/251501401E_3.png,2017-05-16 17:41:28,2017-05-16 17:45:55
2527,10798,assets/uploads/products/vanagonled7_1.jpg,2017-06-09 16:02:05,2017-06-09 16:02:05
2528,10798,assets/uploads/products/vanagonled7_2.jpg,2017-06-09 16:02:34,2017-06-09 16:02:34
2529,10798,assets/uploads/products/vanagonled7_3.jpg,2017-06-09 16:02:54,2017-06-09 16:02:54
2533,10923,assets/uploads/products/281847721_2.jpg,2017-07-08 00:22:02,2017-07-08 00:22:02
2537,11069,assets/uploads/products/071129755a_1.jpg,2017-07-20 23:34:08,2017-07-20 23:34:08
2545,11288,assets/uploads/products/vanagonwindowseals2.jpg,2017-09-13 00:11:17,2017-09-13 00:11:17
2548,11326,assets/uploads/products/251955489_1.jpg,2017-09-23 18:29:54,2017-09-23 18:29:54
2565,11461,assets/uploads/products/251829233_2.jpg,2017-10-24 16:15:05,2017-10-24 16:15:05
2580,11649,assets/uploads/products/251611929d.jpg,2017-12-18 23:27:56,2017-12-18 23:27:56
2585,11664,assets/uploads/products/251721577.jpg,2017-12-20 19:28:59,2017-12-20 19:28:59
2589,11704,assets/uploads/products/T25-Carpet-4.jpg,2018-01-12 18:47:26,2018-01-12 18:47:26
2591,11779,assets/uploads/products/IMG_20180117_140242.jpg,2018-02-06 18:21:56,2018-02-06 18:21:56
2600,11846,assets/uploads/products/255853974A.jpg,2018-03-02 21:52:36,2018-03-02 21:52:36
2602,11850,assets/uploads/products/255853984B_1.jpg,2018-03-02 22:03:32,2018-03-02 22:03:32
2608,12112,assets/uploads/products/syncromudflap2.jpg,2018-05-10 20:53:44,2018-05-10 20:53:44
2612,12174,assets/uploads/products/071256052_1.jpg,2018-05-23 00:51:38,2018-05-23 00:51:38
2614,12177,assets/uploads/products/071256052_1-1.jpg,2018-05-23 00:59:20,2018-05-23 00:59:20
2615,2340,assets/uploads/products/engine-main-bearing-set-056198451A-0-1528126338.jpg,2018-06-04 16:32:18,2018-06-04 16:32:18
2616,2342,assets/uploads/products/engine-main-bearing-set-056198453A-0-1528126427.jpg,2018-06-04 16:33:47,2018-06-04 16:33:47
2619,244,assets/uploads/products/earlyshifter1-2.jpg,2018-06-06 09:16:50,0000-00-00 00:00:00
2620,12178,assets/uploads/products/license-plate-light-holder-for-all-vanagon-0-1528301620.jpg,2018-06-06 17:13:40,2018-06-06 17:13:40
2621,12182,assets/uploads/products/mounting-insert-for-lower-brake-shoe-for-all-vanagon-0-1528489957.jpg,2018-06-08 21:32:37,2018-06-08 21:32:37
2622,12183,assets/uploads/products/tapered-ring-for-front-shock-lower-mounting-bolt-for-all-vanagon-0-1528491335.jpg,2018-06-08 21:55:35,2018-06-08 21:55:35
2623,12184,assets/uploads/products/dowel-pin-for-rear-wheel-hub-housing-for-vw-bus-70-79-and-all-vanagon-0-1528491939.jpg,2018-06-08 22:05:39,2018-06-08 22:05:39
2624,3364,assets/uploads/products/syncrogastankstraps3.jpg,2018-06-09 06:30:28,0000-00-00 00:00:00
2625,10725,assets/uploads/products/251501401E_3.png,2018-06-09 11:09:05,0000-00-00 00:00:00
2626,10725,assets/uploads/products/251501401E_2.jpg,2018-06-09 11:09:05,0000-00-00 00:00:00
2627,10725,assets/uploads/products/251501401E_1.jpg,2018-06-09 11:11:01,0000-00-00 00:00:00
2628,11306,assets/uploads/products/025905205AD_2.jpg,2018-06-09 11:19:43,0000-00-00 00:00:00
2629,12185,assets/uploads/products/complete-driver-s-side-non-power-mirror-for-all-eurovan-0-1528554198.jpg,2018-06-09 15:23:18,2018-06-09 15:23:18
2630,12185,assets/uploads/products/complete-driver-s-side-non-power-mirror-for-all-eurovan-0-1528554228.jpg,2018-06-09 15:23:48,2018-06-09 15:23:48
2632,12186,assets/uploads/products/washer-plate-for-bottom-of-sway-bar-drop-link-for-85-92-vanagon-with-straight-links-0-1528555963.jpg,2018-06-09 15:52:43,2018-06-09 15:52:43
2633,9070,assets/uploads/products/large-washer-for-radius-rod-bushings-on-all-vanagons-80-91-0-1528733030.jpg,2018-06-11 17:03:50,2018-06-11 17:03:50
2634,12187,assets/uploads/products/gearshift-5-speed-lever-guide-80-92-vanagon-0-1528820583.jpg,2018-06-12 17:23:03,2018-06-12 17:23:03
2635,12188,assets/uploads/products/fuel-feed-pipe-diesel-vanagon-na-andtd-filter-to-pump-82-87-0-1528901265.jpg,2018-06-13 15:47:45,2018-06-13 15:47:45
2636,1964,assets/uploads/products/vanagon-exhaust-cross-over-pipe-3-syncro-0-1528990255.jpg,2018-06-14 16:30:55,2018-06-14 16:30:55
2637,1966,assets/uploads/products/exhaust-cross-over-pipe-0-1529008757.jpg,2018-06-14 21:39:17,2018-06-14 21:39:17
2638,12189,assets/uploads/products/accelerator-pedal-linkage-pivot-pin-for-all-automatic-vanagon-0-1529678698.jpg,2018-06-22 15:44:58,2018-06-22 15:44:58
2639,12191,assets/uploads/products/rubber-brake-or-clutch-pedal-buffer-for-all-vanagon-0-1529681697.jpg,2018-06-22 16:34:57,2018-06-22 16:34:57
2641,12193,assets/uploads/products/oil-pressure-gauge-kit-for-all-waterboxer-vanagon-0-1529940634.jpg,2018-06-25 16:30:34,2018-06-25 16:30:34
2642,12196,assets/uploads/products/westylounger-rear-bench-seat-hinge-kit-for-all-vanagon-westfalia-0-1529956569.jpg,2018-06-25 20:56:09,2018-06-25 20:56:09
2643,12196,assets/uploads/products/westylounger-rear-bench-seat-hinge-kit-for-all-vanagon-westfalia-0-1529956592.jpg,2018-06-25 20:56:32,2018-06-25 20:56:32
2644,12196,assets/uploads/products/westylounger-rear-bench-seat-hinge-kit-for-all-vanagon-westfalia-0-1529956616.jpg,2018-06-25 20:56:56,2018-06-25 20:56:56
2645,12198,assets/uploads/products/front-door-window-seal-kit-for-all-vanagon-no-chrome-trim-0-1530220714.jpg,2018-06-28 22:18:34,2018-06-28 22:18:34
2646,2998,assets/uploads/products/vent-felt-channel-seal-0-1530222064.jpg,2018-06-28 22:41:04,2018-06-28 22:41:04
2647,9983,assets/uploads/products/speedometer-cable-syncro-vanagon-0-1530222196.jpg,2018-06-28 22:43:16,2018-06-28 22:43:16
2648,368,assets/uploads/products/mirror-glass-for-power-mirrors-on-vanagon-251857521A-0-1530222336.jpg,2018-06-28 22:45:36,2018-06-28 22:45:36
2649,366,assets/uploads/products/mirror-glass-for-power-mirrors-on-vanagon-251857521-0-1530222423.jpg,2018-06-28 22:47:03,2018-06-28 22:47:03
2650,12199,assets/uploads/products/new-front-left-caliper-for-80-85-vanagon-with-ate-calipers-0-1530546951.jpg,2018-07-02 16:55:51,2018-07-02 16:55:51
2651,12199,assets/uploads/products/new-front-left-caliper-for-80-85-vanagon-with-ate-calipers-0-1530546974.jpg,2018-07-02 16:56:14,2018-07-02 16:56:14
2652,12200,assets/uploads/products/new-front-right-caliper-for-80-85-vanagon-with-ate-calipers-0-1530548011.jpg,2018-07-02 17:13:31,2018-07-02 17:13:31
2653,3562,assets/uploads/products/front-brake-caliper-251615107ax-0-1530548590.jpg,2018-07-02 17:23:10,2018-07-02 17:23:10
2654,200,assets/uploads/products/front-brake-caliper-for-251615108ax-0-1530548781.jpg,2018-07-02 17:26:21,2018-07-02 17:26:21
2655,3564,assets/uploads/products/front-brake-caliper-for-73-79-bus-80-85-vanagon-0-1530549233.jpg,2018-07-02 17:33:53,2018-07-02 17:33:53
2656,202,assets/uploads/products/front-brake-caliper-for-bus-vanagon-0-1530549546.jpg,2018-07-02 17:39:06,2018-07-02 17:39:06
2657,408,assets/uploads/products/headlight-switch-for-90-91-vanagons-0-1531519560.jpg,2018-07-13 23:06:00,2018-07-13 23:06:00
2658,12209,assets/uploads/products/front-brake-parts-kit-for-80-84-vanagon-0-1531771976.jpg,2018-07-16 21:12:56,2018-07-16 21:12:56
2659,12209,assets/uploads/products/front-brake-parts-kit-for-80-84-vanagon-0-1531772041.jpg,2018-07-16 21:14:01,2018-07-16 21:14:01
2660,12210,assets/uploads/products/front-brake-parts-kit-for-84-85-vanagon-0-1531772380.jpg,2018-07-16 21:19:40,2018-07-16 21:19:40
2661,12210,assets/uploads/products/front-brake-parts-kit-for-84-85-vanagon-0-1531772405.jpg,2018-07-16 21:20:05,2018-07-16 21:20:05
2662,12211,assets/uploads/products/front-brake-parts-kit-for-86-92-2wd-vanagon-0-1531772850.jpg,2018-07-16 21:27:30,2018-07-16 21:27:30
2663,12211,assets/uploads/products/front-brake-parts-kit-for-86-92-2wd-vanagon-0-1531772875.jpg,2018-07-16 21:27:55,2018-07-16 21:27:55
2664,12212,assets/uploads/products/rear-brake-parts-kit-for-all-vanagon-0-1531774302.jpg,2018-07-16 21:51:42,2018-07-16 21:51:42
2665,12213,assets/uploads/products/front-brake-parts-kit-for-all-syncro-vanagon-0-1531775376.jpg,2018-07-16 22:09:36,2018-07-16 22:09:36
2666,12214,assets/uploads/products/set-of-late-vanagon-stainless-steel-brake-hoses-0-1531776715.jpg,2018-07-16 22:31:55,2018-07-16 22:31:55
2668,492,assets/uploads/products/ac-compressor-sd-709-0-1531857458.jpg,2018-07-17 20:57:38,2018-07-17 20:57:38
2669,12215,assets/uploads/products/air-conditioning-parts-kit-for-87-92-vanagon-sd-709-0-1531859035.jpg,2018-07-17 21:23:55,2018-07-17 21:23:55
2670,12215,assets/uploads/products/air-conditioning-parts-kit-for-87-92-vanagon-sd-709-0-1531859114.jpg,2018-07-17 21:25:14,2018-07-17 21:25:14
2671,12215,assets/uploads/products/air-conditioning-parts-kit-for-87-92-vanagon-sd-709-0-1531859233.jpg,2018-07-17 21:27:13,2018-07-17 21:27:13
2672,12215,assets/uploads/products/air-conditioning-parts-kit-for-87-92-vanagon-sd-709-0-1531859344.jpg,2018-07-17 21:29:04,2018-07-17 21:29:04
2673,492,assets/uploads/products/ac-compressor-sd-709-0-1531859423.jpg,2018-07-17 21:30:23,2018-07-17 21:30:23
2674,12216,assets/uploads/products/aftermarket-ac-parts-kit-for-sd-709-87-92-vanagon-0-1531860028.jpg,2018-07-17 21:40:28,2018-07-17 21:40:28
2675,12216,assets/uploads/products/aftermarket-ac-parts-kit-for-sd-709-87-92-vanagon-0-1531860085.jpg,2018-07-17 21:41:25,2018-07-17 21:41:25
2676,12216,assets/uploads/products/aftermarket-ac-parts-kit-for-sd-709-87-92-vanagon-0-1531860104.jpg,2018-07-17 21:41:44,2018-07-17 21:41:44
2677,12217,assets/uploads/products/rebuilt-ac-parts-kit-for-87-92-vanagon-sd-709-0-1531861055.jpg,2018-07-17 21:57:35,2018-07-17 21:57:35
2679,12217,assets/uploads/products/rebuilt-ac-parts-kit-for-87-92-vanagon-sd-709-0-1531861100.jpg,2018-07-17 21:58:20,2018-07-17 21:58:20
2680,12212,assets/uploads/products/rear-brake-parts-kit-for-all-vanagon-0-1532355354.jpg,2018-07-23 15:15:54,2018-07-23 15:15:54
2681,12212,assets/uploads/products/rear-brake-parts-kit-for-all-vanagon-0-1532355418.jpg,2018-07-23 15:16:58,2018-07-23 15:16:58
2682,12221,assets/uploads/products/rear-wheel-bearing-kit-for-71-79-vw-bus-and-all-vanagon-0-1532357840.jpg,2018-07-23 15:57:20,2018-07-23 15:57:20
2683,12221,assets/uploads/products/rear-wheel-bearing-kit-for-71-79-vw-bus-and-all-vanagon-0-1532357878.jpg,2018-07-23 15:57:58,2018-07-23 15:57:58
2684,12221,assets/uploads/products/rear-wheel-bearing-kit-for-71-79-vw-bus-and-all-vanagon-0-1532357908.jpg,2018-07-23 15:58:28,2018-07-23 15:58:28
2685,12228,assets/uploads/products/metal-brake-line-kit-for-80-83-vanagon-0-1532962157.jpg,2018-07-30 15:49:18,2018-07-30 15:49:18
2686,12229,assets/uploads/products/metal-brake-line-kit-for-83-85-vanagon-0-1532962510.jpg,2018-07-30 15:55:10,2018-07-30 15:55:10
2687,12230,assets/uploads/products/metal-brake-line-kit-for-86-92-vanagon-0-1532962785.jpg,2018-07-30 15:59:45,2018-07-30 15:59:45
2688,12233,assets/uploads/products/oil-drain-plug-for-72-79-vw-bus-and-80-83-air-cooled-vanagon-0-1533239319.jpg,2018-08-02 20:48:39,2018-08-02 20:48:39
2689,12236,assets/uploads/products/upper-grill-pin-for-all-vanagon-0-1533240408.jpg,2018-08-02 21:06:48,2018-08-02 21:06:48
2690,12237,assets/uploads/products/rubber-retainer-for-upper-grill-pin-for-all-vanagon-0-1533240903.jpg,2018-08-02 21:15:03,2018-08-02 21:15:03
2691,12238,assets/uploads/products/rear-brake-adjuster-for-left-side-all-vanagon-0-1533241268.jpg,2018-08-02 21:21:08,2018-08-02 21:21:08
2692,12239,assets/uploads/products/rear-brake-adjuster-for-right-side-all-vanagon-0-1533241468.jpg,2018-08-02 21:24:28,2018-08-02 21:24:28
2693,12240,assets/uploads/products/water-drain-cap-for-late-model-vanagon-westfalia-and-all-eurovan-westies-0-1533242262.jpg,2018-08-02 21:37:42,2018-08-02 21:37:42
2694,12248,assets/uploads/products/filler-neck-kit-for-84-92-vanagon-0-1533760451.jpg,2018-08-08 21:34:11,2018-08-08 21:34:11
2695,12248,assets/uploads/products/filler-neck-kit-for-84-92-vanagon-0-1533760486.jpg,2018-08-08 21:34:46,2018-08-08 21:34:46
2696,12248,assets/uploads/products/filler-neck-kit-for-84-92-vanagon-0-1533760563.jpg,2018-08-08 21:36:03,2018-08-08 21:36:03
2697,928,assets/uploads/products/headlight-assembly-701941017d-0-1534259504.jpg,2018-08-14 16:11:44,2018-08-14 16:11:44
2701,12251,assets/uploads/products/early-vanagon-rear-shifter-hard-parts-kit-for-80-83-0-1534362456.png,2018-08-15 20:47:36,2018-08-15 20:47:36
2702,12250,assets/uploads/products/shifter-bushing-kit-for-early-vanagon-80-83-0-1534362481.png,2018-08-15 20:48:01,2018-08-15 20:48:01
2703,222,assets/uploads/products/bushing-for-universal-on-early-vanagon-shifter-0-1534362653.png,2018-08-15 20:50:53,2018-08-15 20:50:53
2704,234,assets/uploads/products/guide-pin-for-shifter-80-82-vanagon-0-1534362795.png,2018-08-15 20:53:15,2018-08-15 20:53:15
2705,236,assets/uploads/products/center-shift-bushing-0-1534362901.png,2018-08-15 20:55:01,2018-08-15 20:55:01
2706,248,assets/uploads/products/shift-bushing-for-80-82-vanagon-ac-and-diesel-0-1534363006.png,2018-08-15 20:56:46,2018-08-15 20:56:46
2707,9696,assets/uploads/products/bushing-a-bottom-of-shifter-that-looks-like-top-hat-2-required-all-vanagon-manual-trans-0-1534363138.png,2018-08-15 20:58:58,2018-08-15 20:58:58
2708,6421,assets/uploads/products/basic-vanagon-engine-conversion-kit-for-vw-inline-engine-0-1535053449.jpg,2018-08-23 20:44:09,2018-08-23 20:44:09
2710,12253,assets/uploads/products/pop-top-seal-kit-for-80-91-vanagon-westfalia-oem-style-0-1535815281.jpg,2018-09-01 16:21:21,2018-09-01 16:21:21
2712,12255,assets/uploads/products/front-seat-adjustment-lever-for-all-vanagon-0-1536784339.jpg,2018-09-12 21:32:19,2018-09-12 21:32:19
2713,12258,assets/uploads/products/rubber-bellows-tube-between-body-and-front-door-all-vanagon-0-1537284226.jpg,2018-09-18 16:23:46,2018-09-18 16:23:46
2714,12266,assets/uploads/products/outer-sill-below-treasure-chart-door-for-vanagon-doka-0-1538495256.jpg,2018-10-02 16:47:36,2018-10-02 16:47:36
2715,12267,assets/uploads/products/hall-sending-unit-for-80-85-vanagon-distributor-with-new-style-plug-0-1538506709.jpg,2018-10-02 19:58:29,2018-10-02 19:58:29
2716,12269,assets/uploads/products/rear-left-mud-flap-oe-style-for-all-vanagon-0-1538584859.jpg,2018-10-03 17:40:59,2018-10-03 17:40:59
2717,12269,assets/uploads/products/rear-left-mud-flap-oe-style-for-all-vanagon-0-1538584882.jpg,2018-10-03 17:41:22,2018-10-03 17:41:22
2718,12270,assets/uploads/products/rear-right-mud-flap-oe-style-for-all-vanagon-0-1538585219.jpg,2018-10-03 17:46:59,2018-10-03 17:46:59
2719,12271,assets/uploads/products/left-front-oem-style-mud-flap-for-all-vanagon-0-1538666536.jpg,2018-10-04 16:22:16,2018-10-04 16:22:16
2720,12271,assets/uploads/products/left-front-oem-style-mud-flap-for-all-vanagon-0-1538666613.jpg,2018-10-04 16:23:33,2018-10-04 16:23:33
2721,12273,assets/uploads/products/pair-of-smoked-tail-lights-for-all-vanagon-0-1540241579.jpg,2018-10-22 21:52:59,2018-10-22 21:52:59
2722,562,assets/uploads/products/universal-joint-for-power-steering-0-1540308758.gif,2018-10-23 16:32:38,2018-10-23 16:32:38
2723,12276,assets/uploads/products/inner-frame-sill-right-side-for-all-vanagon-0-1540328345.jpg,2018-10-23 21:59:05,2018-10-23 21:59:05
2724,12277,assets/uploads/products/inner-frame-sill-left-side-for-all-vanagon-0-1540328600.jpg,2018-10-23 22:03:20,2018-10-23 22:03:20
2725,12285,assets/uploads/products/pair-of-tail-light-lenses-hella-version-for-all-vanagon-with-clear-turn-signal-0-1542043466.jpg,2018-11-12 18:24:26,2018-11-12 18:24:26
2728,12290,assets/uploads/products/pair-of-white-front-turn-signal-indicators-for-all-vanagon-0-1545239252.jpg,2018-12-19 18:07:32,2018-12-19 18:07:32
2729,12293,assets/uploads/products/linkage-ball-on-shifter-linkage-for-manual-transmission-eurovan-1992-2003-0-1548344439.jpg,2019-01-24 16:40:39,2019-01-24 16:40:39
2730,12294,assets/uploads/products/rear-window-seal-for-vanagon-sinka-or-doka-0-1548695925.jpg,2019-01-28 18:18:45,2019-01-28 18:18:45
2731,12297,assets/uploads/products/shift-bushing-for-all-eurovan-with-manual-transmission-0-1548779891.png,2019-01-29 17:38:11,2019-01-29 17:38:11
2732,12298,assets/uploads/products/rubber-support-and-bushing-for-all-eurovan-with-manual-transmission-0-1548791247.png,2019-01-29 20:47:27,2019-01-29 20:47:27
2733,12299,assets/uploads/products/shift-bushing-for-all-eurovan-with-manual-transmission-1-0-1548791615.png,2019-01-29 20:53:35,2019-01-29 20:53:35
2734,12300,assets/uploads/products/orange-shifter-bushing-for-all-manual-transmission-eurovan-0-1548792177.png,2019-01-29 21:02:57,2019-01-29 21:02:57
2735,12301,assets/uploads/products/guide-bushing-on-gear-lever-mechanism-for-all-manual-transmission-eurovan-0-1548794312.png,2019-01-29 21:38:32,2019-01-29 21:38:32
2736,12306,assets/uploads/products/5-speed-vanagon-rubber-damping-ring-on-shifter-0-1549480094.jpg,2019-02-06 20:08:14,2019-02-06 20:08:14
2737,12307,assets/uploads/products/pressure-spring-on-front-shifter-for-all-manual-vanagon-0-1549480403.jpg,2019-02-06 20:13:23,2019-02-06 20:13:23
2738,12308,assets/uploads/products/bumper-for-all-sliding-door-rollers-on-all-vanagon-0-1549480764.jpg,2019-02-06 20:19:24,2019-02-06 20:19:24
2739,12311,assets/uploads/products/front-door-lock-mechanism-plastic-piece-for-right-side-all-vanagon-0-1549482166.jpg,2019-02-06 20:42:46,2019-02-06 20:42:46
2740,12312,assets/uploads/products/front-door-lock-mechanism-plastic-piece-for-left-side-all-vanagon-0-1549482465.jpg,2019-02-06 20:47:45,2019-02-06 20:47:45
2741,12313,assets/uploads/products/front-door-interior-handle-finger-plate-all-vanagon-in-black-0-1549483067.jpg,2019-02-06 20:57:47,2019-02-06 20:57:47
2742,12314,assets/uploads/products/upper-grill-metal-clip-for-all-vanagon-0-1549988713.jpg,2019-02-12 17:25:13,2019-02-12 17:25:13
2743,12315,assets/uploads/products/plastic-clip-for-rear-air-intake-grill-on-all-vanagon-0-1549989857.jpg,2019-02-12 17:44:17,2019-02-12 17:44:17
2744,12316,assets/uploads/products/dropside-rubber-stop-for-single-cab-and-double-cab-vanagon-0-1549990327.jpg,2019-02-12 17:52:07,2019-02-12 17:52:07
2745,12322,assets/uploads/products/barebones-dash-ac-kit-for-all-vanagon-0-1551214103.jpg,2019-02-26 21:48:23,2019-02-26 21:48:23
2746,12322,assets/uploads/products/barebones-dash-ac-kit-for-all-vanagon-0-1551214126.jpg,2019-02-26 21:48:46,2019-02-26 21:48:46
2747,2510,assets/uploads/products/camshaft-aftermarket-by-dial-in-cams-0-1551372621.jpg,2019-02-28 17:50:21,2019-02-28 17:50:21
2748,222,assets/uploads/products/bushing-for-universal-on-early-vanagon-shifter-0-1553029995.jpg,2019-03-19 22:13:15,2019-03-19 22:13:15
2749,222,assets/uploads/products/bushing-for-universal-on-early-vanagon-shifter-0-1553030694.jpg,2019-03-19 22:24:54,2019-03-19 22:24:54
2750,12339,assets/uploads/products/led-h4-headlight-kit-for-92-95-eurovan-0-1553194224.jpg,2019-03-21 19:50:24,2019-03-21 19:50:24
2751,12340,assets/uploads/products/b-pillar-air-duct-seal-in-front-door-jamb-all-vanagon-0-1553705009.jpg,2019-03-27 17:43:29,2019-03-27 17:43:29
2752,3430,assets/uploads/products/radius-rod-bushing-251407179-0-1554566468.jpg,2019-04-06 17:01:08,2019-04-06 17:01:08
2753,1194,assets/uploads/products/big-brake-kit-for-2wd-vanagon-86-91-0-1554826878.jpg,2019-04-09 17:21:18,2019-04-09 17:21:18
2754,1194,assets/uploads/products/big-brake-kit-for-2wd-vanagon-86-91-0-1554826925.JPG,2019-04-09 17:22:05,2019-04-09 17:22:05
2755,1194,assets/uploads/products/big-brake-kit-for-2wd-vanagon-86-91-0-1554827007.jpg,2019-04-09 17:23:27,2019-04-09 17:23:27
2756,1194,assets/uploads/products/big-brake-kit-for-2wd-vanagon-86-91-0-1554827101.jpg,2019-04-09 17:25:01,2019-04-09 17:25:01
2757,12342,assets/uploads/products/metal-gear-shift-bushing-for-92-97-eurovan-with-manual-transmission-0-1556550843.jpg,2019-04-29 16:14:03,2019-04-29 16:14:03
2758,12343,assets/uploads/products/relay-lever-for-selector-shaft-for-eurovan-with-manual-transmission-from-92-97-0-1556553793.jpg,2019-04-29 17:03:13,2019-04-29 17:03:13
2759,12344,assets/uploads/products/coolant-hose-for-92-95-2-5l-eurovan-between-cylinder-head-and-t-piece-for-heat-exchanger-0-1556554938.jpg,2019-04-29 17:22:18,2019-04-29 17:22:18
2760,9577,assets/uploads/products/eurovan-upper-radiator-hose-lower-section-for-evs-with-automatic-transmission-93-96-0-1556555014.jpg,2019-04-29 17:23:34,2019-04-29 17:23:34
2761,11516,assets/uploads/products/upper-radiator-hose-for-93-95-2-5l-eurovan-automatic-0-1556555055.jpg,2019-04-29 17:24:15,2019-04-29 17:24:15
2762,12252,assets/uploads/products/vanagon-h4-square-headlight-kit-with-led-bulbs-0-1556662848.jpg,2019-04-30 23:20:48,2019-04-30 23:20:48
2763,12252,assets/uploads/products/vanagon-h4-square-headlight-kit-with-led-bulbs-0-1556662885.jpg,2019-04-30 23:21:25,2019-04-30 23:21:25
2764,12252,assets/uploads/products/vanagon-h4-square-headlight-kit-with-led-bulbs-0-1556662916.jpg,2019-04-30 23:21:56,2019-04-30 23:21:56
2765,12252,assets/uploads/products/vanagon-h4-square-headlight-kit-with-led-bulbs-0-1556662952.jpg,2019-04-30 23:22:32,2019-04-30 23:22:32
2766,12252,assets/uploads/products/vanagon-h4-square-headlight-kit-with-led-bulbs-0-1556662990.jpg,2019-04-30 23:23:10,2019-04-30 23:23:10
2767,2772,assets/uploads/products/front-door-window-seal-for-68-79-bus-0-1559739909.jpg,2019-06-05 14:05:09,2019-06-05 14:05:09
2769,556,assets/uploads/products/plastic-headlight-adjuster-horizontal-for-outer-square-headlight-0-1559740842.png,2019-06-05 14:20:42,2019-06-05 14:20:42
2770,554,assets/uploads/products/plastic-headlight-adjuster-255941141B-0-1559740930.png,2019-06-05 14:22:10,2019-06-05 14:22:10
2771,550,assets/uploads/products/plastic-headlight-adjuster-255941133a-0-1559741105.png,2019-06-05 14:25:05,2019-06-05 14:25:05
2772,548,assets/uploads/products/plastic-headlight-mount-for-outer-square-headlight-0-1559741216.png,2019-06-05 14:26:56,2019-06-05 14:26:56
2773,614,assets/uploads/products/front-door-window-seal-for-68-79-bus-2-0-1559742045.jpg,2019-06-05 14:40:45,2019-06-05 14:40:45
2774,1336,assets/uploads/products/headlight-adjuster-kit-with-square-headlights-0-1559742137.png,2019-06-05 14:42:17,2019-06-05 14:42:17
2775,3044,assets/uploads/products/plastic-headlight-adjuster-vertical-for-outer-square-headlight-0-1559743069.png,2019-06-05 14:57:49,2019-06-05 14:57:49
2776,12381,assets/uploads/products/pop-top-canvas-for-vw-bus-from-74-79-acrylic-3-window-0-1560181019.png,2019-06-10 16:36:59,2019-06-10 16:36:59
2777,12393,assets/uploads/products/seal-for-front-door-located-near-the-vent-wing-on-outer-edge-for-all-vanagon-0-1561988700.jpg,2019-07-01 14:45:00,2019-07-01 14:45:00
2778,12394,assets/uploads/products/plastic-collar-for-front-door-lock-knob-on-all-vanagon-0-1561989314.jpg,2019-07-01 14:55:14,2019-07-01 14:55:14
2779,12395,assets/uploads/products/front-door-lock-pull-knob-for-all-vanagon-0-1561990072.jpg,2019-07-01 15:07:52,2019-07-01 15:07:52
2780,12396,assets/uploads/products/end-cap-for-inner-front-door-trim-on-all-vanagon-0-1561990535.jpg,2019-07-01 15:15:35,2019-07-01 15:15:35
2781,12397,assets/uploads/products/upper-edge-of-sliding-door-opening-trim-for-all-vanagon-0-1561992675.jpg,2019-07-01 15:51:15,2019-07-01 15:51:15
2782,12398,assets/uploads/products/nylon-guide-block-for-middle-hinge-of-sliding-door-for-63-79-vw-bus-0-1562070294.jpg,2019-07-02 13:24:54,2019-07-02 13:24:54
2783,12399,assets/uploads/products/sliding-door-outer-handle-sleeve-for-73-79-vw-bus-0-1562070552.jpg,2019-07-02 13:29:12,2019-07-02 13:29:12
2784,12415,assets/uploads/products/reproduction-of-syncro-vanagon-mud-flap-with-stock-mounting-points-0-1565633446.jpg,2019-08-12 19:10:46,2019-08-12 19:10:46
2785,9052,assets/uploads/products/plate-for-damping-ring-at-the-bottom-of-the-sway-bar-drop-link-for-80-91-vanagon-stainless-steel-0-1565881857.jpg,2019-08-15 16:10:57,2019-08-15 16:10:57
2786,3308,assets/uploads/products/lower-radiator-return-hose-for-83-85-vanagon-with-metal-pipes-0-1565882804.jpg,2019-08-15 16:26:44,2019-08-15 16:26:44
2787,1828,assets/uploads/products/coolant-hose-025121062C-0-1565883181.jpg,2019-08-15 16:33:01,2019-08-15 16:33:01
2788,1584,assets/uploads/products/upper-radiator-feed-hose-between-radiator-and-pipe-0-1565883302.jpg,2019-08-15 16:35:02,2019-08-15 16:35:02
2789,1838,assets/uploads/products/coolant-hose-025121073e-0-1565883533.jpg,2019-08-15 16:38:53,2019-08-15 16:38:53
2790,9318,assets/uploads/products/sway-bar-to-body-bushings-powerflex-21mm-for-86-91-vanagon-0-1566078662.jpg,2019-08-17 22:51:02,2019-08-17 22:51:02
2791,12430,assets/uploads/products/front-turn-signal-housing-for-all-vanagon-left-side-economy-version-0-1568927747.jpg,2019-09-19 22:15:47,2019-09-19 22:15:47
2792,12431,assets/uploads/products/front-turn-signal-housing-for-all-vanagon-right-side-economy-version-0-1568928009.jpg,2019-09-19 22:20:09,2019-09-19 22:20:09
2793,12434,assets/uploads/products/driver-s-side-rocker-panel-repair-that-is-actually-two-pieces-for-all-vanagon-0-1569521072.jpg,2019-09-26 19:04:32,2019-09-26 19:04:32
2794,12435,assets/uploads/products/front-wheel-arch-complete-left-side-for-all-vanagon-0-1569527392.jpg,2019-09-26 20:49:52,2019-09-26 20:49:52
2795,12436,assets/uploads/products/stub-axle-for-rear-wheel-on-70-79-vw-bus-and-all-vanagon-0-1569530434.jpg,2019-09-26 21:40:34,2019-09-26 21:40:34
2796,12438,assets/uploads/products/cold-start-cable-for-diesel-vanagon-0-1569535447.jpg,2019-09-26 23:04:07,2019-09-26 23:04:07
2797,12440,assets/uploads/products/coolant-temperature-gauge-kit-for-all-water-cooled-vanagon-0-1570560267.jpg,2019-10-08 19:44:27,2019-10-08 19:44:27
2798,12440,assets/uploads/products/coolant-temperature-gauge-kit-for-all-water-cooled-vanagon-0-1570560306.jpg,2019-10-08 19:45:06,2019-10-08 19:45:06
2799,12442,assets/uploads/products/coolant-pipe-for-2-1l-vanagon-from-water-pump-to-thermostat-housing-in-stainless-steel-0-1570651506.jpg,2019-10-09 21:05:06,2019-10-09 21:05:06
2800,1846,assets/uploads/products/metal-coolant-pipe-025121081g-0-1570651613.jpg,2019-10-09 21:06:53,2019-10-09 21:06:53
2801,12445,assets/uploads/products/intake-hose-for-1-6l-turbo-diesel-vanagon-with-jx-engine-0-1571084342.jpg,2019-10-14 21:19:02,2019-10-14 21:19:02
2802,12453,assets/uploads/products/inlet-manifold-connecting-pipe-for-all-1-6l-turbo-diesel-vanagon-0-1572980314.jpg,2019-11-05 19:58:34,2019-11-05 19:58:34
2803,1874,assets/uploads/products/thermostat-housing-kit-for-2wd-and-syncro-0-1576865168.jpg,2019-12-20 19:06:08,2019-12-20 19:06:08
2804,1874,assets/uploads/products/thermostat-housing-kit-for-2wd-and-syncro-0-1576865259.jpg,2019-12-20 19:07:39,2019-12-20 19:07:39
2805,12484,assets/uploads/products/short-intake-flange-on-intake-manifold-of-1-6l-td-jx-engine-0-1580410972.jpg,2020-01-30 20:02:52,2020-01-30 20:02:52
2806,12486,assets/uploads/products/exhaust-manifold-for-1-6l-td-jx-engine-0-1580411813.jpg,2020-01-30 20:16:53,2020-01-30 20:16:53
2807,12488,assets/uploads/products/rear-spring-plastic-base-for-all-vanagon-0-1580422513.jpg,2020-01-30 23:15:13,2020-01-30 23:15:13
2808,12465,assets/uploads/products/lower-ball-joints-for-all-vanagon-lemforder-brand-0-1580576814.jpg,2020-02-01 18:06:54,2020-02-01 18:06:54
2809,12498,assets/uploads/products/o-ring-in-side-of-differential-flange-on-manual-transmission-vw-bus-from-68-79-and-all-manual-vanagon-0-1581716347.jpg,2020-02-14 22:39:07,2020-02-14 22:39:07
2810,3356,assets/uploads/products/plastic-cross-over-pipe-for-gas-tank-2wd-vanagon-0-1582145742.jpg,2020-02-19 21:55:42,2020-02-19 21:55:42
2814,12505,assets/uploads/products/end-piece-for-sliding-door-handle-on-door-for-80-84-vanagon-0-1583365049.jpg,2020-03-04 18:37:29,2020-03-04 18:37:29
2815,444,assets/uploads/products/auxiliary-fan-assembly-0-1584387936.jpg,2020-03-16 15:45:36,2020-03-16 15:45:36
2818,12509,assets/uploads/products/westfalia-fridge-lower-vent-in-stainless-steel-with-brown-coating-0-1584444320.jpg,2020-03-17 07:25:20,2020-03-17 07:25:20
2819,12510,assets/uploads/products/rubber-boot-at-base-of-steering-column-where-it-exits-the-front-floor-on-all-vanagon-0-1584451094.jpg,2020-03-17 09:18:14,2020-03-17 09:18:14
2820,12519,assets/uploads/products/radius-rod-mount-frame-piece-for-left-side-on-all-2wd-vanagon-0-1586363123.jpg,2020-04-08 12:25:23,2020-04-08 12:25:23
2821,12520,assets/uploads/products/radius-rod-mount-frame-piece-for-right-side-on-all-2wd-vanagon-0-1586363490.jpg,2020-04-08 12:31:30,2020-04-08 12:31:30
2822,12521,assets/uploads/products/cross-member-with-spring-mounts-for-all-vanagon-0-1586363864.jpg,2020-04-08 12:37:44,2020-04-08 12:37:44
2823,12522,assets/uploads/products/rear-suspension-arm-mount-and-jacking-point-for-all-vanagon-left-side-0-1586364131.jpg,2020-04-08 12:42:11,2020-04-08 12:42:11
2824,12523,assets/uploads/products/rear-suspension-arm-mount-and-jacking-point-for-all-vanagon-right-side-0-1586367614.jpg,2020-04-08 13:40:14,2020-04-08 13:40:14
2825,12524,assets/uploads/products/front-door-upper-window-seal-for-chrome-molding-all-vanagon-0-1586373089.jpg,2020-04-08 15:11:29,2020-04-08 15:11:29
2826,12527,assets/uploads/products/tune-up-kit-for-86-88-vanagon-2-1l-0-1587482902.jpg,2020-04-21 11:28:22,2020-04-21 11:28:22
2827,12527,assets/uploads/products/tune-up-kit-for-86-88-vanagon-2-1l-0-1587482951.jpg,2020-04-21 11:29:11,2020-04-21 11:29:11
2828,12527,assets/uploads/products/tune-up-kit-for-86-88-vanagon-2-1l-0-1587482992.jpg,2020-04-21 11:29:52,2020-04-21 11:29:52
2829,12527,assets/uploads/products/tune-up-kit-for-86-88-vanagon-2-1l-0-1587483016.jpg,2020-04-21 11:30:16,2020-04-21 11:30:16
2830,12527,assets/uploads/products/tune-up-kit-for-86-88-vanagon-2-1l-0-1587483050.jpg,2020-04-21 11:30:50,2020-04-21 11:30:50
2831,12527,assets/uploads/products/tune-up-kit-for-86-88-vanagon-2-1l-0-1587484161.jpg,2020-04-21 11:49:21,2020-04-21 11:49:21
2832,12528,assets/uploads/products/tune-up-kit-for-83-85-1-9l-vanagon-0-1587485741.jpg,2020-04-21 12:15:41,2020-04-21 12:15:41
2833,12528,assets/uploads/products/tune-up-kit-for-83-85-1-9l-vanagon-0-1587485772.jpg,2020-04-21 12:16:12,2020-04-21 12:16:12
2834,12528,assets/uploads/products/tune-up-kit-for-83-85-1-9l-vanagon-0-1587485797.jpg,2020-04-21 12:16:37,2020-04-21 12:16:37
2835,12528,assets/uploads/products/tune-up-kit-for-83-85-1-9l-vanagon-0-1587485823.jpg,2020-04-21 12:17:03,2020-04-21 12:17:03
2836,12528,assets/uploads/products/tune-up-kit-for-83-85-1-9l-vanagon-0-1587485854.jpg,2020-04-21 12:17:34,2020-04-21 12:17:34
2837,12528,assets/uploads/products/tune-up-kit-for-83-85-1-9l-vanagon-0-1587485886.jpg,2020-04-21 12:18:06,2020-04-21 12:18:06
2839,12531,assets/uploads/products/hydraulic-engine-mount-kit-for-all-diesel-vanagon-1-1588716079.jpg,2020-05-05 23:01:19,2020-05-05 23:01:19
2840,12531,assets/uploads/products/hydraulic-engine-mount-kit-for-all-diesel-vanagon-0-1588716454.jpg,2020-05-05 23:07:34,2020-05-05 23:07:34
2841,12538,assets/uploads/products/radius-rod-for-80-84-vanagon-on-left-side-0-1589993630.jpg,2020-05-20 17:53:50,2020-05-20 17:53:50
2842,12539,assets/uploads/products/clip-for-rear-hatch-interior-panel-for-all-vanagon-in-black-0-1590082766.jpg,2020-05-21 18:39:26,2020-05-21 18:39:26
2843,12540,assets/uploads/products/front-shock-bump-stop-bushing-for-all-vanagon-0-1590084721.jpg,2020-05-21 19:12:01,2020-05-21 19:12:01
2844,12543,assets/uploads/products/radius-rod-for-80-84-vanagon-on-right-side-0-1590088906.jpg,2020-05-21 20:21:46,2020-05-21 20:21:46
2845,12545,assets/uploads/products/westfalia-vanagon-skylight-mechanism-cover-in-grey-0-1590089796.jpg,2020-05-21 20:36:36,2020-05-21 20:36:36
2846,12547,assets/uploads/products/left-front-jacking-point-reinforcement-for-all-vanagon-0-1590786134.jpg,2020-05-29 22:02:14,2020-05-29 22:02:14
2847,12557,assets/uploads/products/return-fuel-pipe-from-filter-to-pump-1600cc-turbo-diesel-and-1700cc-diesel-syncro-81988-71992-0-1593633214.jpg,2020-07-01 20:53:34,2020-07-01 20:53:34
2848,12559,assets/uploads/products/window-seal-kit-for-80-85-vanagon-deleting-chrome-trim-0-1593791008.jpg,2020-07-03 16:43:28,2020-07-03 16:43:28
2849,12561,assets/uploads/products/right-rear-bumper-end-for-fiberglas-bumper-on-vanagon-from-87-92-0-1594308693.jpg,2020-07-09 16:31:33,2020-07-09 16:31:33
2850,12561,assets/uploads/products/right-rear-bumper-end-for-fiberglas-bumper-on-vanagon-from-87-92-1-1594308693.jpg,2020-07-09 16:31:33,2020-07-09 16:31:33
2851,12561,assets/uploads/products/right-rear-bumper-end-for-fiberglas-bumper-on-vanagon-from-87-92-2-1594308693.jpg,2020-07-09 16:31:33,2020-07-09 16:31:33
2852,12561,assets/uploads/products/right-rear-bumper-end-for-fiberglas-bumper-on-vanagon-from-87-92-3-1594308693.jpg,2020-07-09 16:31:33,2020-07-09 16:31:33
2853,12562,assets/uploads/products/center-section-of-vanagon-rear-fiberglas-bumper-from-87-92-0-1594309377.jpg,2020-07-09 16:42:57,2020-07-09 16:42:57
2854,12564,assets/uploads/products/gas-tank-pads-for-all-vanagon-0-1594653421.jpg,2020-07-13 16:17:01,2020-07-13 16:17:01
2855,528,assets/uploads/products/rebuilt-air-conditioning-compressor-for-83-85-vanagon-0-1594847239.jpg,2020-07-15 22:07:19,2020-07-15 22:07:19
2856,12569,assets/uploads/products/pair-for-front-turn-signal-lenses-for-all-vanagon-european-made-0-1596813161.jpg,2020-08-07 16:12:41,2020-08-07 16:12:41
2857,12576,assets/uploads/products/hook-up-for-water-tank-fill-on-westfalia-vanagon-0-1599598538.jpg,2020-09-08 21:55:38,2020-09-08 21:55:38
2858,12580,assets/uploads/products/sill-below-sliding-door-opening-that-has-the-retainer-for-the-seal-0-1600265650.jpg,2020-09-16 15:14:10,2020-09-16 15:14:10
2859,12580,assets/uploads/products/sill-below-sliding-door-opening-that-has-the-retainer-for-the-seal-1-1600265650.jpg,2020-09-16 15:14:10,2020-09-16 15:14:10
2860,12581,assets/uploads/products/sliding-door-sill-with-lower-roller-runner-0-1600266510.jpg,2020-09-16 15:28:30,2020-09-16 15:28:30
2861,12581,assets/uploads/products/sliding-door-sill-with-lower-roller-runner-1-1600266510.jpg,2020-09-16 15:28:30,2020-09-16 15:28:30
2862,12581,assets/uploads/products/sliding-door-sill-with-lower-roller-runner-2-1600266510.jpg,2020-09-16 15:28:30,2020-09-16 15:28:30
2863,12583,assets/uploads/products/cold-start-handle-for-85-92-diesel-vanagon-0-1600897236.jpg,2020-09-23 22:40:36,2020-09-23 22:40:36
2864,12585,assets/uploads/products/brake-caliper-for-86-92-vanagon-girling-left-side-0-1600897876.jpg,2020-09-23 22:51:16,2020-09-23 22:51:16
2865,12586,assets/uploads/products/brake-caliper-for-86-92-vanagon-girling-right-side-0-1600898108.jpg,2020-09-23 22:55:08,2020-09-23 22:55:08
2866,12595,assets/uploads/products/front-shock-lower-bolt-for-all-vanagon-0-1601931600.jpg,2020-10-05 22:00:00,2020-10-05 22:00:00
2867,12599,assets/uploads/products/sliding-door-lower-roller-bracket-with-bearings-for-all-vanagon-0-1602278092.jpg,2020-10-09 22:14:52,2020-10-09 22:14:52
2868,12267,assets/uploads/products/hall-sending-unit-for-80-85-vanagon-distributor-with-new-style-plug-0-1602873072.jpg,2020-10-16 19:31:12,2020-10-16 19:31:12
2869,12603,assets/uploads/products/trim-clip-for-front-door-window-on-vanagon-with-chrome-trim-0-1603985967.jpg,2020-10-29 16:39:27,2020-10-29 16:39:27
2870,12606,assets/uploads/products/mirror-glass-for-right-side-passenger-for-92-2003-eurovan-convex-and-heated-0-1605729928.jpg,2020-11-18 21:05:28,2020-11-18 21:05:28
2871,12607,assets/uploads/products/push-rod-for-waterboxer-vanagon-engine-272mm-long-0-1605819871.jpg,2020-11-19 22:04:31,2020-11-19 22:04:31
2872,12609,assets/uploads/products/base-for-grab-handle-near-sliding-door-in-brown-all-vanagon-0-1608669194.jpg,2020-12-22 21:33:14,2020-12-22 21:33:14
2873,12612,assets/uploads/products/bearing-pivot-guide-on-gear-lever-housing-for-92-99-manual-transmission-eurovan-0-1608838620.jpg,2020-12-24 20:37:00,2020-12-24 20:37:00
2874,12614,assets/uploads/products/banjo-bolt-with-restrictor-for-diesel-vanagon-fuel-filter-0-1608842216.jpg,2020-12-24 21:36:56,2020-12-24 21:36:56
2875,12615,assets/uploads/products/bolt-for-turbo-to-exhaust-manifold-long-turbo-diesel-vanagon-0-1610120178.jpg,2021-01-08 16:36:18,2021-01-08 16:36:18
2876,12616,assets/uploads/products/bolt-for-turbo-to-exhaust-manifold-short-turbo-diesel-vanagon-0-1610120483.jpg,2021-01-08 16:41:23,2021-01-08 16:41:23
2877,12617,assets/uploads/products/headlight-switch-for-99-2003-eurovan-used-0-1610120935.jpg,2021-01-08 16:48:55,2021-01-08 16:48:55
2878,12619,assets/uploads/products/rubber-trim-for-upper-sliding-door-track-cream-for-all-vanagon-0-1610489705.jpg,2021-01-12 23:15:05,2021-01-12 23:15:05
2879,12620,assets/uploads/products/brake-reservoir-for-all-vanagon-0-1610751029.jpg,2021-01-15 23:50:29,2021-01-15 23:50:29
2880,12622,assets/uploads/products/coolant-hose-for-syncro-vanagon-between-thermostat-housing-and-pipe-0-1611180398.gif,2021-01-20 17:06:38,2021-01-20 17:06:38
2881,12623,assets/uploads/products/skylight-hinge-set-for-all-vanagon-westfalia-0-1611760743.jpg,2021-01-27 10:19:03,2021-01-27 10:19:03
2882,12624,assets/uploads/products/guide-rail-for-opening-skylight-all-vanagon-westfalia-0-1611761152.jpg,2021-01-27 10:25:52,2021-01-27 10:25:52
2883,12624,assets/uploads/products/guide-rail-for-opening-skylight-all-vanagon-westfalia-0-1611761233.jpg,2021-01-27 10:27:13,2021-01-27 10:27:13
2884,12627,assets/uploads/products/o-ring-for-manual-transmission-shift-linkage-for-eurovan-0-1611940500.jpg,2021-01-29 12:15:00,2021-01-29 12:15:00
2885,12628,assets/uploads/products/u-channel-for-sliding-door-seal-on-all-vanagon-0-1611953304.jpg,2021-01-29 15:48:24,2021-01-29 15:48:24
2886,12629,assets/uploads/products/accelerator-cable-for-92-1995-eurovan-2-5l-gas-0-1612020877.jpg,2021-01-30 10:34:37,2021-01-30 10:34:37
2887,12630,assets/uploads/products/large-vw-bus-coffee-table-book-in-french-0-1612022564.jpg,2021-01-30 11:02:44,2021-01-30 11:02:44
2888,12630,assets/uploads/products/large-vw-bus-coffee-table-book-in-french-1-1612022564.jpg,2021-01-30 11:02:44,2021-01-30 11:02:44
2889,12631,assets/uploads/products/clip-to-secure-5-speed-shifter-pin-and-also-for-automatic-transmission-all-vanagon-0-1613659413.jpg,2021-02-18 09:43:33,2021-02-18 09:43:33
2891,12632,assets/uploads/products/front-shift-rod-for-83-92-vanagon-with-5-speed-transmission-1-1613659856.jpg,2021-02-18 09:50:56,2021-02-18 09:50:56
2892,12632,assets/uploads/products/front-shift-rod-for-83-92-vanagon-with-5-speed-transmission-2-1613659856.jpg,2021-02-18 09:50:56,2021-02-18 09:50:56
2893,12633,assets/uploads/products/reverse-pressure-spring-for-5-speed-shifter-vanagon-0-1613660439.jpg,2021-02-18 10:00:39,2021-02-18 10:00:39
2894,12634,assets/uploads/products/securing-ring-for-5-speed-manual-shifter-all-vanagon-0-1613660753.jpg,2021-02-18 10:05:53,2021-02-18 10:05:53
2895,12465,assets/uploads/products/lower-ball-joints-for-all-vanagon-lemforder-brand-0-1614208416.jpg,2021-02-24 18:13:36,2021-02-24 18:13:36
2896,12636,assets/uploads/products/non-power-rear-hatch-lock-with-keys-84-92-vanagon-0-1614265623.jpg,2021-02-25 10:07:03,2021-02-25 10:07:03
2897,12636,assets/uploads/products/non-power-rear-hatch-lock-with-keys-84-92-vanagon-1-1614265623.jpg,2021-02-25 10:07:03,2021-02-25 10:07:03
2898,12637,assets/uploads/products/oem-key-blank-for-late-70-79-vw-bus-0-1614282503.jpg,2021-02-25 14:48:23,2021-02-25 14:48:23
2899,12638,assets/uploads/products/plastic-fuel-expansion-tank-for-all-vanagon-left-side-0-1614282877.jpg,2021-02-25 14:54:37,2021-02-25 14:54:37
2900,12639,assets/uploads/products/fuel-expansion-tank-for-all-vanagon-right-side-0-1614283221.jpg,2021-02-25 15:00:21,2021-02-25 15:00:21
2901,12639,assets/uploads/products/fuel-expansion-tank-for-all-vanagon-right-side-1-1614283221.jpg,2021-02-25 15:00:21,2021-02-25 15:00:21
2902,12640,assets/uploads/products/new-sliding-door-hinge-for-85-92-vanagon-0-1614283973.jpg,2021-02-25 15:12:53,2021-02-25 15:12:53
2903,12641,assets/uploads/products/rear-control-arm-spring-perch-repair-panel-for-all-vanagon-0-1615388507.jpg,2021-03-10 10:01:47,2021-03-10 10:01:47
2904,12646,assets/uploads/products/licence-plate-light-bulb-holder-for-all-vanagon-0-1617997858.jpg,2021-04-09 15:50:58,2021-04-09 15:50:58
2905,12666,assets/uploads/products/air-boot-for-syncro-vanagon-between-separator-and-air-box-0-1621950877.jpg,2021-05-25 09:54:37,2021-05-25 09:54:37
2906,12670,assets/uploads/products/desert-westy-socks-pair-0-1623505067.jpg,2021-06-12 09:37:47,2021-06-12 09:37:47
2907,12671,assets/uploads/products/mountain-westy-socks-pair-0-1623505452.jpg,2021-06-12 09:44:12,2021-06-12 09:44:12
2908,12672,assets/uploads/products/blue-tiled-westy-socks-pair-0-1623510518.jpg,2021-06-12 11:08:38,2021-06-12 11:08:38
2909,12673,assets/uploads/products/tan-tiled-westy-socks-pair-0-1623510906.jpg,2021-06-12 11:15:06,2021-06-12 11:15:06
2910,12683,assets/uploads/products/coolant-hose-between-coolant-reservoir-and-pipe-on-syncro-vanagon-0-1628103942.gif,2021-08-04 15:05:42,2021-08-04 15:05:42
2911,12685,assets/uploads/products/official-vw-bus-beach-set-0-1629150814.jpg,2021-08-16 17:53:34,2021-08-16 17:53:34
2912,12685,assets/uploads/products/official-vw-bus-beach-set-0-1629150845.jpg,2021-08-16 17:54:05,2021-08-16 17:54:05
2913,12689,assets/uploads/products/pop-top-westfalia-roof-canvas-t3-81985-71992-grey-3-windows-high-quality-0-1630164714.jpg,2021-08-28 11:31:54,2021-08-28 11:31:54
2914,12689,assets/uploads/products/pop-top-westfalia-roof-canvas-t3-81985-71992-grey-3-windows-high-quality-0-1630164766.jpg,2021-08-28 11:32:46,2021-08-28 11:32:46
2915,12685,assets/uploads/products/official-vw-bus-beach-set-0-1630165514.jpg,2021-08-28 11:45:14,2021-08-28 11:45:14
2916,12691,assets/uploads/products/reproduction-engine-cover-for-t25-vanagon-single-or-double-cab-0-1633451715.jpg,2021-10-05 12:35:15,2021-10-05 12:35:15
2917,12694,assets/uploads/products/bearing-and-race-for-differential-pinion-in-all-automatic-bus-and-vanagon-0-1634145496.jpg,2021-10-13 13:18:16,2021-10-13 13:18:16
2918,12707,assets/uploads/products/multifunction-switch-for-automatic-transmission-97-2003-eurovan-0-1640192307.jpg,2021-12-22 11:58:27,2021-12-22 11:58:27
2919,1958,assets/uploads/products/vanagon-mufflers-86-91-2wd-and-syncro-0-1643669395.jpg,2022-01-31 17:49:55,2022-01-31 17:49:55
2920,12712,assets/uploads/products/new-power-steering-pump-for-99-03-eurovan-0-1644424289.jpg,2022-02-09 11:31:29,2022-02-09 11:31:29
2921,3484,assets/uploads/products/manual-steering-rack-for-all-vanagons-0-1644425887.jpg,2022-02-09 11:58:07,2022-02-09 11:58:07
2922,12719,assets/uploads/products/wind-deflector-in-front-of-pop-up-roof-1-6m-t4-91990-62003-eurovan-westfalia-0-1646254700.jpg,2022-03-02 15:58:20,2022-03-02 15:58:20
2923,12720,assets/uploads/products/pop-top-seal-for-eurovan-westfalia-0-1646323002.jpg,2022-03-03 10:56:42,2022-03-03 10:56:42
2924,12720,assets/uploads/products/pop-top-seal-for-eurovan-westfalia-1-1646323002.jpg,2022-03-03 10:56:42,2022-03-03 10:56:42
2925,9380,assets/uploads/products/syncro-vanagon-fuel-filler-bezel-rubber-seal-0-1652127449.jpg,2022-05-09 16:17:29,2022-05-09 16:17:29
2926,12726,assets/uploads/products/cover-trim-upper-part-steering-column-and-control-levers-black-for-all-vanagon-0-1654029857.jpg,2022-05-31 16:44:17,2022-05-31 16:44:17
2927,12728,assets/uploads/products/oil-filler-pipe-for-syncro-vanagon-0-1654812023.jpg,2022-06-09 18:00:23,2022-06-09 18:00:23
2928,12731,assets/uploads/products/flange-with-seal-water-connection-cooling-circuit-1600cc-dieselturbodiesel-1700cc-diesel-11981-121988-0-1655997401.jpg,2022-06-23 11:16:41,2022-06-23 11:16:41
2929,12748,assets/uploads/products/brake-booster-for-71-74-vw-bus-0-1660661524.jpg,2022-08-16 10:52:04,2022-08-16 10:52:04
2930,12748,assets/uploads/products/brake-booster-for-71-74-vw-bus-1-1660661524.jpg,2022-08-16 10:52:04,2022-08-16 10:52:04
2931,12761,assets/uploads/products/shift-bushing-for-all-manual-transmission-eurovans-171711181-0-1665156474.jpg,2022-10-07 11:27:54,2022-10-07 11:27:54
2932,12762,assets/uploads/products/vanagon-performance-fuel-injector-and-rail-system-for-1-9l-2-1l-and-up-to-2-3l-waterboxer-0-1665676665.jpg,2022-10-13 11:57:45,2022-10-13 11:57:45
2933,12762,assets/uploads/products/vanagon-performance-fuel-injector-and-rail-system-for-1-9l-2-1l-and-up-to-2-3l-waterboxer-1-1665676665.jpg,2022-10-13 11:57:45,2022-10-13 11:57:45
2934,12762,assets/uploads/products/vanagon-performance-fuel-injector-and-rail-system-for-1-9l-2-1l-and-up-to-2-3l-waterboxer-2-1665676665.jpg,2022-10-13 11:57:45,2022-10-13 11:57:45
2935,12762,assets/uploads/products/vanagon-performance-fuel-injector-and-rail-system-for-1-9l-2-1l-and-up-to-2-3l-waterboxer-3-1665676665.JPG,2022-10-13 11:57:45,2022-10-13 11:57:45
2936,12762,assets/uploads/products/vanagon-performance-fuel-injector-and-rail-system-for-1-9l-2-1l-and-up-to-2-3l-waterboxer-4-1665676665.JPG,2022-10-13 11:57:45,2022-10-13 11:57:45
2937,12762,assets/uploads/products/vanagon-performance-fuel-injector-and-rail-system-for-1-9l-2-1l-and-up-to-2-3l-waterboxer-5-1665676665.JPG,2022-10-13 11:57:45,2022-10-13 11:57:45
2938,12762,assets/uploads/products/vanagon-performance-fuel-injector-and-rail-system-for-1-9l-2-1l-and-up-to-2-3l-waterboxer-6-1665676665.JPG,2022-10-13 11:57:45,2022-10-13 11:57:45
2939,12769,assets/uploads/products/vanagon-rear-corner-repair-panel-left-height-68cm-251813367h-0-1668868880.jpg,2022-11-19 09:41:20,2022-11-19 09:41:20
2940,12772,assets/uploads/products/bracket-set-for-front-brake-hoses-for-86-92-vanagon-0-1671565260.jpg,2022-12-20 14:41:00,2022-12-20 14:41:00
2941,12773,assets/uploads/products/front-turn-signal-bulb-holder-for-all-eurovan-701953123-0-1671565611.jpg,2022-12-20 14:46:51,2022-12-20 14:46:51
2942,12774,assets/uploads/products/plastic-bearing-for-shift-rod-near-gearbox-for-93-95-eurovan-with-manual-transmission-701711699-0-1671565892.jpg,2022-12-20 14:51:32,2022-12-20 14:51:32
2943,12778,assets/uploads/products/rubber-buffer-for-upper-end-of-front-spring-for-all-vanagon-251411211a-0-1673549912.jpg,2023-01-12 13:58:32,2023-01-12 13:58:32
2944,12779,assets/uploads/products/cover-for-rear-heater-fan-switch-on-all-vanagon-brown-0-1676324887.jpg,2023-02-13 16:48:07,2023-02-13 16:48:07
2945,12780,assets/uploads/products/rear-heater-fan-switch-cover-on-dash-for-all-vanagon-black-0-1676325940.jpg,2023-02-13 17:05:40,2023-02-13 17:05:40
2946,12782,assets/uploads/products/front-door-seal-set-for-front-edge-of-late-model-vanagon-0-1676403658.jpg,2023-02-14 14:40:58,2023-02-14 14:40:58
2947,12783,assets/uploads/products/metal-frame-for-front-door-edge-seal-for-late-model-vanagon-left-0-1676404288.jpg,2023-02-14 14:51:28,2023-02-14 14:51:28
2948,12784,assets/uploads/products/metal-frame-for-front-door-edge-seal-for-late-model-vanagon-right-0-1676404362.jpg,2023-02-14 14:52:42,2023-02-14 14:52:42
2949,12793,assets/uploads/products/filler-tube-for-syncro-gas-tank-stainless-steel-0-1683066345.jpg,2023-05-02 18:25:45,2023-05-02 18:25:45
2950,12796,assets/uploads/products/bracket-for-brake-hose-on-brake-caliper-for-86-92-vanagon-0-1683070321.jpg,2023-05-02 19:32:01,2023-05-02 19:32:01
2951,12797,assets/uploads/products/bolt-for-attaching-engine-cover-on-a-doka-or-single-cab-vanagon-0-1683070901.jpg,2023-05-02 19:41:41,2023-05-02 19:41:41
2952,12798,assets/uploads/products/vanagon-full-length-speedometer-cable-for-80-83-with-screw-on-connector-0-1683399038.jpg,2023-05-06 14:50:38,2023-05-06 14:50:38
2953,12798,assets/uploads/products/vanagon-full-length-speedometer-cable-for-80-83-with-screw-on-connector-0-1683399132.jpg,2023-05-06 14:52:12,2023-05-06 14:52:12
2954,1172,assets/uploads/products/alternator-0-1684263504.jpg,2023-05-16 14:58:24,2023-05-16 14:58:24
2955,12336,assets/uploads/products/positive-battery-cable-for-all-vanagon-0-1684855672.jpg,2023-05-23 11:27:52,2023-05-23 11:27:52
2956,12800,assets/uploads/products/printed-circuit-foil-for-rear-of-instrument-cluster-80-85-vanagon-gasoline-version-0-1686085910.jpg,2023-06-06 17:11:50,2023-06-06 17:11:50
2957,12801,assets/uploads/products/brake-line-holder-for-vanagon-0-1686856665.jpg,2023-06-15 15:17:45,2023-06-15 15:17:45
2958,12803,assets/uploads/products/instrument-cluster-circuit-foil-for-82-84-diesel-vanagon-0-1687199962.jpg,2023-06-19 14:39:22,2023-06-19 14:39:22
2959,12804,assets/uploads/products/elastic-cord-that-assists-with-pop-top-canvas-folding-0-1687200369.jpg,2023-06-19 14:46:09,2023-06-19 14:46:09
2960,11779,assets/uploads/products/piston-with-rings-for-aaf-5-cylinder-std-size-92-93-eurovan-gas-0-1687537260.jpg,2023-06-23 12:21:00,2023-06-23 12:21:00
2961,12807,assets/uploads/products/intermediate-pulley-for-all-diesel-vanagon-0-1688154089.jpg,2023-06-30 15:41:29,2023-06-30 15:41:29
2962,12810,assets/uploads/products/pressure-ring-for-pivot-point-of-vent-wing-on-all-vanagon-0-1689020021.jpg,2023-07-10 16:13:41,2023-07-10 16:13:41
2963,12812,assets/uploads/products/rear-side-window-seal-for-all-vanagon-double-cab-or-doka-0-1689082500.jpg,2023-07-11 09:35:00,2023-07-11 09:35:00
2964,12814,assets/uploads/products/diesel-vanagon-oil-filler-conversion-kit-for-82-diesel-0-1689282868.jpg,2023-07-13 17:14:28,2023-07-13 17:14:28
2965,12814,assets/uploads/products/diesel-vanagon-oil-filler-conversion-kit-for-82-diesel-0-1689282974.jpg,2023-07-13 17:16:14,2023-07-13 17:16:14
2966,12810,assets/uploads/products/pressure-ring-for-pivot-point-of-vent-wing-on-all-vanagon-0-1691369062.jpg,2023-08-06 20:44:22,2023-08-06 20:44:22
2967,12814,assets/uploads/products/diesel-vanagon-oil-filler-conversion-kit-for-82-diesel-0-1691369556.jpg,2023-08-06 20:52:36,2023-08-06 20:52:36
2968,12814,assets/uploads/products/diesel-vanagon-oil-filler-conversion-kit-for-82-diesel-0-1691369592.jpg,2023-08-06 20:53:12,2023-08-06 20:53:12
2969,12828,assets/uploads/products/right-rear-door-seal-for-vanagon-double-cab-doka-247841818-0-1691505410.jpg,2023-08-08 10:36:50,2023-08-08 10:36:50
2970,12829,assets/uploads/products/left-rear-door-seal-for-vanagon-double-cab-doka-248841817-0-1691506218.jpg,2023-08-08 10:50:18,2023-08-08 10:50:18
2971,12835,assets/uploads/products/alternator-intake-boot-for-air-cooled-vanagon-0-1694702121.jpg,2023-09-14 10:35:21,2023-09-14 10:35:21
