Redirect from,Redirect to
/cart,/cart
/checkout,/checkout
/login,/account/login
/register,/account/register
/reset-password,/account/login
/orderstatus,/pages/track-order
/pages/orderstatus,/pages/track-order
/articles,/blogs/news
/shop,/collections/all
/faq,/pages/faq
/contact,/pages/contact
/privacy-terms,/pages/privacy-terms
/collections/accessories,/collections/all?filter.p.tag=Accessories&filter.v.availability=1
/categories/accessories,/collections/all?filter.p.tag=Accessories&filter.v.availability=1
/collections/air-intake,/collections/all?filter.p.tag=Air%20Intake&filter.v.availability=1
/categories/air-intake,/collections/all?filter.p.tag=Air%20Intake&filter.v.availability=1
/collections/body-electrical,/collections/all?filter.p.tag=Body%20-%20Electrical&filter.v.availability=1
/categories/body-electrical,/collections/all?filter.p.tag=Body%20-%20Electrical&filter.v.availability=1
/collections/body-mechanical-trim,/collections/all?filter.p.tag=Body%20Mechanical%20%26%20Trim&filter.v.availability=1
/categories/body-mechanical-trim,/collections/all?filter.p.tag=Body%20Mechanical%20%26%20Trim&filter.v.availability=1
/collections/brakes,/collections/all?filter.p.tag=Brakes&filter.v.availability=1
/categories/brakes,/collections/all?filter.p.tag=Brakes&filter.v.availability=1
/collections/camper-parts,/collections/all?filter.p.tag=Camper%20Parts&filter.v.availability=1
/categories/camper-parts,/collections/all?filter.p.tag=Camper%20Parts&filter.v.availability=1
/collections/climate-control,/collections/all?filter.p.tag=Climate%20Control&filter.v.availability=1
/categories/climate-control,/collections/all?filter.p.tag=Climate%20Control&filter.v.availability=1
/collections/clutch,/collections/all?filter.p.tag=Clutch&filter.v.availability=1
/categories/clutch,/collections/all?filter.p.tag=Clutch&filter.v.availability=1
/collections/coolant-system,/collections/all?filter.p.tag=Coolant%20System&filter.v.availability=1
/categories/coolant-system,/collections/all?filter.p.tag=Coolant%20System&filter.v.availability=1
/collections/drive-belts,/collections/all?filter.p.tag=Drive%20Belts&filter.v.availability=1
/categories/drive-belts,/collections/all?filter.p.tag=Drive%20Belts&filter.v.availability=1
/collections/drive-shaft,/collections/all?filter.p.tag=Drive%20Shaft&filter.v.availability=1
/categories/drive-shaft,/collections/all?filter.p.tag=Drive%20Shaft&filter.v.availability=1
/collections/electrical-items,/collections/all?filter.p.tag=Electrical%20Items&filter.v.availability=1
/categories/electrical-items,/collections/all?filter.p.tag=Electrical%20Items&filter.v.availability=1
/collections/engine-conversion-parts,/collections/all?filter.p.tag=Engine%20Conversion%20Parts&filter.v.availability=1
/categories/engine-conversion-parts,/collections/all?filter.p.tag=Engine%20Conversion%20Parts&filter.v.availability=1
/collections/engine-electrical,/collections/all?filter.p.tag=Engine%20Electrical&filter.v.availability=1
/categories/engine-electrical,/collections/all?filter.p.tag=Engine%20Electrical&filter.v.availability=1
/collections/engine-parts,/collections/all?filter.p.tag=Engine%20Parts&filter.v.availability=1
/categories/engine-parts,/collections/all?filter.p.tag=Engine%20Parts&filter.v.availability=1
/collections/exhaust-parts,/collections/all?filter.p.tag=Exhaust%20Parts&filter.v.availability=1
/categories/exhaust-parts,/collections/all?filter.p.tag=Exhaust%20Parts&filter.v.availability=1
/collections/featured-items,/collections/all?filter.p.tag=Featured%20Items&filter.v.availability=1
/categories/featured-items,/collections/all?filter.p.tag=Featured%20Items&filter.v.availability=1
/collections/featured,/collections/all?filter.p.tag=Featured%20Items&filter.v.availability=1
/categories/featured,/collections/all?filter.p.tag=Featured%20Items&filter.v.availability=1
/collections/fuel-delivery,/collections/all?filter.p.tag=Fuel%20Delivery&filter.v.availability=1
/categories/fuel-delivery,/collections/all?filter.p.tag=Fuel%20Delivery&filter.v.availability=1
/collections/fuel-injection,/collections/all?filter.p.tag=Fuel%20Injection&filter.v.availability=1
/categories/fuel-injection,/collections/all?filter.p.tag=Fuel%20Injection&filter.v.availability=1
/collections/suspension-and-steering,/collections/all?filter.p.tag=Suspension%20and%20Steering&filter.v.availability=1
/categories/suspension-and-steering,/collections/all?filter.p.tag=Suspension%20and%20Steering&filter.v.availability=1
/collections/tires,/collections/all?filter.p.tag=Tires&filter.v.availability=1
/categories/tires,/collections/all?filter.p.tag=Tires&filter.v.availability=1
/collections/tools,/collections/all?filter.p.tag=Tools&filter.v.availability=1
/categories/tools,/collections/all?filter.p.tag=Tools&filter.v.availability=1
/collections/tools-and-hardware,/collections/all?filter.p.tag=Tools%20and%20Hardware&filter.v.availability=1
/categories/tools-and-hardware,/collections/all?filter.p.tag=Tools%20and%20Hardware&filter.v.availability=1
/collections/transmission-drivetrain,/collections/all?filter.p.tag=Transmission%20%26%20Drivetrain&filter.v.availability=1
/categories/transmission-drivetrain,/collections/all?filter.p.tag=Transmission%20%26%20Drivetrain&filter.v.availability=1
/collections/tune-up-parts,/collections/all?filter.p.tag=Tune-up%20Parts&filter.v.availability=1
/categories/tune-up-parts,/collections/all?filter.p.tag=Tune-up%20Parts&filter.v.availability=1
/collections/wheels,/collections/all?filter.p.tag=Wheels&filter.v.availability=1
/categories/wheels,/collections/all?filter.p.tag=Wheels&filter.v.availability=1
/collections/68-79-bus,/collections/all?filter.p.tag=68-79-bus&filter.v.availability=1
/product-types/68-79-bus,/collections/all?filter.p.tag=68-79-bus&filter.v.availability=1
/vehicle-types/68-79-bus,/collections/all?filter.p.tag=68-79-bus&filter.v.availability=1
/collections/80-83-air-cooled-vanagon,/collections/all?filter.p.tag=80-83-air-cooled-vanagon&filter.v.availability=1
/product-types/80-83-air-cooled-vanagon,/collections/all?filter.p.tag=80-83-air-cooled-vanagon&filter.v.availability=1
/vehicle-types/80-83-air-cooled-vanagon,/collections/all?filter.p.tag=80-83-air-cooled-vanagon&filter.v.availability=1
/collections/82-84-diesel-vanagon,/collections/all?filter.p.tag=82-84-diesel-vanagon&filter.v.availability=1
/product-types/82-84-diesel-vanagon,/collections/all?filter.p.tag=82-84-diesel-vanagon&filter.v.availability=1
/vehicle-types/82-84-diesel-vanagon,/collections/all?filter.p.tag=82-84-diesel-vanagon&filter.v.availability=1
/collections/83-85-19l-vanagon,/collections/all?filter.p.tag=83-85-19l-vanagon&filter.v.availability=1
/product-types/83-85-19l-vanagon,/collections/all?filter.p.tag=83-85-19l-vanagon&filter.v.availability=1
/vehicle-types/83-85-19l-vanagon,/collections/all?filter.p.tag=83-85-19l-vanagon&filter.v.availability=1
/collections/86-92-21l-vanagon,/collections/all?filter.p.tag=86-92-21l-vanagon&filter.v.availability=1
/product-types/86-92-21l-vanagon,/collections/all?filter.p.tag=86-92-21l-vanagon&filter.v.availability=1
/vehicle-types/86-92-21l-vanagon,/collections/all?filter.p.tag=86-92-21l-vanagon&filter.v.availability=1
/collections/92-96-25l-eurovan,/collections/all?filter.p.tag=92-96-25l-eurovan&filter.v.availability=1
/product-types/92-96-25l-eurovan,/collections/all?filter.p.tag=92-96-25l-eurovan&filter.v.availability=1
/vehicle-types/92-96-25l-eurovan,/collections/all?filter.p.tag=92-96-25l-eurovan&filter.v.availability=1
/collections/97-03-28l-eurovan,/collections/all?filter.p.tag=97-03-28l-eurovan&filter.v.availability=1
/product-types/97-03-28l-eurovan,/collections/all?filter.p.tag=97-03-28l-eurovan&filter.v.availability=1
/vehicle-types/97-03-28l-eurovan,/collections/all?filter.p.tag=97-03-28l-eurovan&filter.v.availability=1
